{
  "project_info": {
    "project_number": "641705964093",
    "project_id": "tourism-app-a1ec4",
    "storage_bucket": "tourism-app-a1ec4.appspot.com"
  },
  "client": [
    {
      "client_info": {
        "mobilesdk_app_id": "1:641705964093:android:6838c68283a7c88acbb054",
        "android_client_info": {
          "package_name": "com.vinz.tourismapp"
        }
      },
      "oauth_client": [],
      "api_key": [
        {
          "current_key": "AIzaSyC4bcVyrr9gkTcVfe2TuFjB8EevWW3FDO8"
        }
      ],
      "services": {
        "appinvite_service": {
          "other_platform_oauth_client": []
        }
      }
    }
  ],
  "configuration_version": "1"
}